[
  {
    "id": 1,
    "title": "Summer Collection",
    "created_at": "2025-01-02",
    "products": [1, 2],
    "image": "homepage_bottom_banner.avif"
  },
  {
    "id": 2,
    "title": "Winter Collection",
    "created_at": "2025-01-04",
    "products": [3],
    "image": "shuffle_essentials.webp"
  },
  {
    "id": 3,
    "title": "Spring Collection",
    "created_at": "2024-03-21",
    "products": [4, 5],
    "image": "spring_banner.avif"
  },
  {
    "id": 4,
    "title": "Autumn Collection",
    "created_at": "2024-09-10",
    "products": [6, 7],
    "image": "autumn_banner.avif"
  },
  {
    "id": 5,
    "title": "Black Friday Special",
    "created_at": "2024-11-28",
    "products": [8, 9, 10],
    "image": "black_friday_banner.avif"
  }
]
